"Step","playful-oath-296 - Percentage of times the goal was reached through time","playful-oath-296 - Percentage of times the goal was reached through time__MIN","playful-oath-296 - Percentage of times the goal was reached through time__MAX"
"0","1","1","1"
"1","0.5","0.5","0.5"
"2","0.3333333333333333","0.3333333333333333","0.3333333333333333"
"3","0.25","0.25","0.25"
"4","0.2","0.2","0.2"
"5","0.16666666666666666","0.16666666666666666","0.16666666666666666"
"6","0.14285714285714285","0.14285714285714285","0.14285714285714285"
"7","0.125","0.125","0.125"
"8","0.1111111111111111","0.1111111111111111","0.1111111111111111"
"9","0.1","0.1","0.1"
"10","0.09090909090909091","0.09090909090909091","0.09090909090909091"
"11","0.08333333333333333","0.08333333333333333","0.08333333333333333"
"12","0.07692307692307693","0.07692307692307693","0.07692307692307693"
"13","0.07142857142857142","0.07142857142857142","0.07142857142857142"
"14","0.06666666666666667","0.06666666666666667","0.06666666666666667"
"15","0.125","0.125","0.125"
"16","0.11764705882352941","0.11764705882352941","0.11764705882352941"
"17","0.1111111111111111","0.1111111111111111","0.1111111111111111"
"18","0.15789473684210525","0.15789473684210525","0.15789473684210525"
"19","0.15","0.15","0.15"
"20","0.14285714285714285","0.14285714285714285","0.14285714285714285"
"21","0.13636363636363635","0.13636363636363635","0.13636363636363635"
"22","0.13043478260869565","0.13043478260869565","0.13043478260869565"
"23","0.125","0.125","0.125"
"24","0.12","0.12","0.12"
"25","0.11538461538461539","0.11538461538461539","0.11538461538461539"
"26","0.14814814814814814","0.14814814814814814","0.14814814814814814"
"27","0.17857142857142858","0.17857142857142858","0.17857142857142858"
"28","0.1724137931034483","0.1724137931034483","0.1724137931034483"
"29","0.2","0.2","0.2"
"30","0.22580645161290322","0.22580645161290322","0.22580645161290322"
"31","0.21875","0.21875","0.21875"
"32","0.21212121212121213","0.21212121212121213","0.21212121212121213"
"33","0.20588235294117646","0.20588235294117646","0.20588235294117646"
"34","0.2","0.2","0.2"
"35","0.19444444444444445","0.19444444444444445","0.19444444444444445"
"36","0.1891891891891892","0.1891891891891892","0.1891891891891892"
"37","0.21052631578947367","0.21052631578947367","0.21052631578947367"
"38","0.20512820512820512","0.20512820512820512","0.20512820512820512"
"39","0.225","0.225","0.225"
"40","0.24390243902439024","0.24390243902439024","0.24390243902439024"
"41","0.23809523809523808","0.23809523809523808","0.23809523809523808"
"42","0.23255813953488372","0.23255813953488372","0.23255813953488372"
"43","0.22727272727272727","0.22727272727272727","0.22727272727272727"
"44","0.24444444444444444","0.24444444444444444","0.24444444444444444"
"45","0.2608695652173913","0.2608695652173913","0.2608695652173913"
"46","0.2553191489361702","0.2553191489361702","0.2553191489361702"
"47","0.2708333333333333","0.2708333333333333","0.2708333333333333"
"48","0.2653061224489796","0.2653061224489796","0.2653061224489796"
"49","0.26","0.26","0.26"
"50","0.2549019607843137","0.2549019607843137","0.2549019607843137"
"51","0.25","0.25","0.25"
"52","0.2641509433962264","0.2641509433962264","0.2641509433962264"
"53","0.25925925925925924","0.25925925925925924","0.25925925925925924"
"54","0.2545454545454545","0.2545454545454545","0.2545454545454545"
"55","0.26785714285714285","0.26785714285714285","0.26785714285714285"
"56","0.2631578947368421","0.2631578947368421","0.2631578947368421"
"57","0.25862068965517243","0.25862068965517243","0.25862068965517243"
"58","0.2711864406779661","0.2711864406779661","0.2711864406779661"
"59","0.26666666666666666","0.26666666666666666","0.26666666666666666"
"60","0.2786885245901639","0.2786885245901639","0.2786885245901639"
"61","0.2903225806451613","0.2903225806451613","0.2903225806451613"
"62","0.2857142857142857","0.2857142857142857","0.2857142857142857"
"63","0.296875","0.296875","0.296875"
"64","0.2923076923076923","0.2923076923076923","0.2923076923076923"
"65","0.30303030303030304","0.30303030303030304","0.30303030303030304"
"66","0.29850746268656714","0.29850746268656714","0.29850746268656714"
"67","0.29411764705882354","0.29411764705882354","0.29411764705882354"
"68","0.2898550724637681","0.2898550724637681","0.2898550724637681"
"69","0.2857142857142857","0.2857142857142857","0.2857142857142857"
"70","0.28169014084507044","0.28169014084507044","0.28169014084507044"
"71","0.2916666666666667","0.2916666666666667","0.2916666666666667"
"72","0.3013698630136986","0.3013698630136986","0.3013698630136986"
"73","0.2972972972972973","0.2972972972972973","0.2972972972972973"
"74","0.29333333333333333","0.29333333333333333","0.29333333333333333"
"75","0.2894736842105263","0.2894736842105263","0.2894736842105263"
"76","0.2987012987012987","0.2987012987012987","0.2987012987012987"
"77","0.2948717948717949","0.2948717948717949","0.2948717948717949"
"78","0.2911392405063291","0.2911392405063291","0.2911392405063291"
"79","0.3","0.3","0.3"
"80","0.30864197530864196","0.30864197530864196","0.30864197530864196"
"81","0.3170731707317073","0.3170731707317073","0.3170731707317073"
"82","0.3253012048192771","0.3253012048192771","0.3253012048192771"
"83","0.32142857142857145","0.32142857142857145","0.32142857142857145"
"84","0.3176470588235294","0.3176470588235294","0.3176470588235294"
"85","0.313953488372093","0.313953488372093","0.313953488372093"
"86","0.3218390804597701","0.3218390804597701","0.3218390804597701"
"87","0.3181818181818182","0.3181818181818182","0.3181818181818182"
"88","0.3146067415730337","0.3146067415730337","0.3146067415730337"
"89","0.3111111111111111","0.3111111111111111","0.3111111111111111"
"90","0.3076923076923077","0.3076923076923077","0.3076923076923077"
"91","0.31521739130434784","0.31521739130434784","0.31521739130434784"
"92","0.3118279569892473","0.3118279569892473","0.3118279569892473"
"93","0.30851063829787234","0.30851063829787234","0.30851063829787234"
"94","0.3157894736842105","0.3157894736842105","0.3157894736842105"
"95","0.3229166666666667","0.3229166666666667","0.3229166666666667"
"96","0.32989690721649484","0.32989690721649484","0.32989690721649484"
"97","0.32653061224489793","0.32653061224489793","0.32653061224489793"
"98","0.32323232323232326","0.32323232323232326","0.32323232323232326"
"99","0.32","0.32","0.32"
"100","0.32673267326732675","0.32673267326732675","0.32673267326732675"
"101","0.3333333333333333","0.3333333333333333","0.3333333333333333"
"102","0.3300970873786408","0.3300970873786408","0.3300970873786408"
"103","0.33653846153846156","0.33653846153846156","0.33653846153846156"
"104","0.3333333333333333","0.3333333333333333","0.3333333333333333"
"105","0.330188679245283","0.330188679245283","0.330188679245283"
"106","0.32710280373831774","0.32710280373831774","0.32710280373831774"
"107","0.32407407407407407","0.32407407407407407","0.32407407407407407"
"108","0.3211009174311927","0.3211009174311927","0.3211009174311927"
"109","0.32727272727272727","0.32727272727272727","0.32727272727272727"
"110","0.32432432432432434","0.32432432432432434","0.32432432432432434"
"111","0.32142857142857145","0.32142857142857145","0.32142857142857145"
"112","0.3274336283185841","0.3274336283185841","0.3274336283185841"
"113","0.32456140350877194","0.32456140350877194","0.32456140350877194"
"114","0.3217391304347826","0.3217391304347826","0.3217391304347826"
"115","0.31896551724137934","0.31896551724137934","0.31896551724137934"
"116","0.3247863247863248","0.3247863247863248","0.3247863247863248"
"117","0.3220338983050847","0.3220338983050847","0.3220338983050847"
"118","0.3277310924369748","0.3277310924369748","0.3277310924369748"
"119","0.325","0.325","0.325"
"120","0.32231404958677684","0.32231404958677684","0.32231404958677684"
"121","0.319672131147541","0.319672131147541","0.319672131147541"
"122","0.3252032520325203","0.3252032520325203","0.3252032520325203"
"123","0.33064516129032256","0.33064516129032256","0.33064516129032256"
"124","0.328","0.328","0.328"
"125","0.3253968253968254","0.3253968253968254","0.3253968253968254"
"126","0.3228346456692913","0.3228346456692913","0.3228346456692913"
"127","0.3203125","0.3203125","0.3203125"
"128","0.3178294573643411","0.3178294573643411","0.3178294573643411"
"129","0.3153846153846154","0.3153846153846154","0.3153846153846154"
"130","0.32061068702290074","0.32061068702290074","0.32061068702290074"
"131","0.3181818181818182","0.3181818181818182","0.3181818181818182"
"132","0.3233082706766917","0.3233082706766917","0.3233082706766917"
"133","0.3208955223880597","0.3208955223880597","0.3208955223880597"
"134","0.31851851851851853","0.31851851851851853","0.31851851851851853"
"135","0.3161764705882353","0.3161764705882353","0.3161764705882353"
"136","0.31386861313868614","0.31386861313868614","0.31386861313868614"
"137","0.3188405797101449","0.3188405797101449","0.3188405797101449"
"138","0.3237410071942446","0.3237410071942446","0.3237410071942446"
"139","0.32142857142857145","0.32142857142857145","0.32142857142857145"
"140","0.3191489361702128","0.3191489361702128","0.3191489361702128"
"141","0.31690140845070425","0.31690140845070425","0.31690140845070425"
"142","0.32167832167832167","0.32167832167832167","0.32167832167832167"
"143","0.3194444444444444","0.3194444444444444","0.3194444444444444"
"144","0.31724137931034485","0.31724137931034485","0.31724137931034485"
"145","0.3150684931506849","0.3150684931506849","0.3150684931506849"
"146","0.3129251700680272","0.3129251700680272","0.3129251700680272"
"147","0.31756756756756754","0.31756756756756754","0.31756756756756754"
"148","0.31543624161073824","0.31543624161073824","0.31543624161073824"
"149","0.31333333333333335","0.31333333333333335","0.31333333333333335"
"150","0.31125827814569534","0.31125827814569534","0.31125827814569534"
"151","0.3092105263157895","0.3092105263157895","0.3092105263157895"
"152","0.3137254901960784","0.3137254901960784","0.3137254901960784"
"153","0.3116883116883117","0.3116883116883117","0.3116883116883117"
"154","0.3096774193548387","0.3096774193548387","0.3096774193548387"
"155","0.3141025641025641","0.3141025641025641","0.3141025641025641"
"156","0.31210191082802546","0.31210191082802546","0.31210191082802546"
"157","0.310126582278481","0.310126582278481","0.310126582278481"
"158","0.31446540880503143","0.31446540880503143","0.31446540880503143"
"159","0.3125","0.3125","0.3125"
"160","0.3167701863354037","0.3167701863354037","0.3167701863354037"
"161","0.3148148148148148","0.3148148148148148","0.3148148148148148"
"162","0.31901840490797545","0.31901840490797545","0.31901840490797545"
"163","0.3231707317073171","0.3231707317073171","0.3231707317073171"
"164","0.32727272727272727","0.32727272727272727","0.32727272727272727"
"165","0.3253012048192771","0.3253012048192771","0.3253012048192771"
"166","0.32934131736526945","0.32934131736526945","0.32934131736526945"
"167","0.3273809523809524","0.3273809523809524","0.3273809523809524"
"168","0.3254437869822485","0.3254437869822485","0.3254437869822485"
"169","0.3235294117647059","0.3235294117647059","0.3235294117647059"
"170","0.32748538011695905","0.32748538011695905","0.32748538011695905"
"171","0.32558139534883723","0.32558139534883723","0.32558139534883723"
"172","0.3236994219653179","0.3236994219653179","0.3236994219653179"
"173","0.3275862068965517","0.3275862068965517","0.3275862068965517"
"174","0.32571428571428573","0.32571428571428573","0.32571428571428573"
"175","0.32954545454545453","0.32954545454545453","0.32954545454545453"
"176","0.3333333333333333","0.3333333333333333","0.3333333333333333"
"177","0.33146067415730335","0.33146067415730335","0.33146067415730335"
"178","0.329608938547486","0.329608938547486","0.329608938547486"
"179","0.3277777777777778","0.3277777777777778","0.3277777777777778"
"180","0.3314917127071823","0.3314917127071823","0.3314917127071823"
"181","0.32967032967032966","0.32967032967032966","0.32967032967032966"
"182","0.32786885245901637","0.32786885245901637","0.32786885245901637"
"183","0.33152173913043476","0.33152173913043476","0.33152173913043476"
"184","0.32972972972972975","0.32972972972972975","0.32972972972972975"
"185","0.3333333333333333","0.3333333333333333","0.3333333333333333"
"186","0.3315508021390374","0.3315508021390374","0.3315508021390374"
"187","0.3351063829787234","0.3351063829787234","0.3351063829787234"
"188","0.3333333333333333","0.3333333333333333","0.3333333333333333"
"189","0.3368421052631579","0.3368421052631579","0.3368421052631579"
"190","0.33507853403141363","0.33507853403141363","0.33507853403141363"
"191","0.3333333333333333","0.3333333333333333","0.3333333333333333"
"192","0.33678756476683935","0.33678756476683935","0.33678756476683935"
"193","0.33505154639175255","0.33505154639175255","0.33505154639175255"
"194","0.3384615384615385","0.3384615384615385","0.3384615384615385"
"195","0.336734693877551","0.336734693877551","0.336734693877551"
"196","0.3350253807106599","0.3350253807106599","0.3350253807106599"
"197","0.3333333333333333","0.3333333333333333","0.3333333333333333"
"198","0.33668341708542715","0.33668341708542715","0.33668341708542715"
"199","0.34","0.34","0.34"
"200","0.34328358208955223","0.34328358208955223","0.34328358208955223"
"201","0.3415841584158416","0.3415841584158416","0.3415841584158416"
"202","0.3399014778325123","0.3399014778325123","0.3399014778325123"
"203","0.3431372549019608","0.3431372549019608","0.3431372549019608"
"204","0.34146341463414637","0.34146341463414637","0.34146341463414637"
"205","0.3446601941747573","0.3446601941747573","0.3446601941747573"
"206","0.34782608695652173","0.34782608695652173","0.34782608695652173"
"207","0.35096153846153844","0.35096153846153844","0.35096153846153844"
"208","0.3492822966507177","0.3492822966507177","0.3492822966507177"
"209","0.3476190476190476","0.3476190476190476","0.3476190476190476"
"210","0.3459715639810427","0.3459715639810427","0.3459715639810427"
"211","0.3443396226415094","0.3443396226415094","0.3443396226415094"
"212","0.3427230046948357","0.3427230046948357","0.3427230046948357"
"213","0.34579439252336447","0.34579439252336447","0.34579439252336447"
"214","0.34418604651162793","0.34418604651162793","0.34418604651162793"
"215","0.3425925925925926","0.3425925925925926","0.3425925925925926"
"216","0.34101382488479265","0.34101382488479265","0.34101382488479265"
"217","0.3394495412844037","0.3394495412844037","0.3394495412844037"
"218","0.3378995433789954","0.3378995433789954","0.3378995433789954"
"219","0.33636363636363636","0.33636363636363636","0.33636363636363636"
"220","0.3393665158371041","0.3393665158371041","0.3393665158371041"
"221","0.33783783783783783","0.33783783783783783","0.33783783783783783"
"222","0.34080717488789236","0.34080717488789236","0.34080717488789236"
"223","0.3392857142857143","0.3392857142857143","0.3392857142857143"
"224","0.3377777777777778","0.3377777777777778","0.3377777777777778"
"225","0.336283185840708","0.336283185840708","0.336283185840708"
"226","0.33480176211453744","0.33480176211453744","0.33480176211453744"
"227","0.3333333333333333","0.3333333333333333","0.3333333333333333"
"228","0.3318777292576419","0.3318777292576419","0.3318777292576419"
"229","0.33043478260869563","0.33043478260869563","0.33043478260869563"
"230","0.329004329004329","0.329004329004329","0.329004329004329"
"231","0.33189655172413796","0.33189655172413796","0.33189655172413796"
"232","0.33047210300429186","0.33047210300429186","0.33047210300429186"
"233","0.32905982905982906","0.32905982905982906","0.32905982905982906"
"234","0.33191489361702126","0.33191489361702126","0.33191489361702126"
"235","0.3305084745762712","0.3305084745762712","0.3305084745762712"
"236","0.3291139240506329","0.3291139240506329","0.3291139240506329"
"237","0.3277310924369748","0.3277310924369748","0.3277310924369748"
"238","0.3305439330543933","0.3305439330543933","0.3305439330543933"
"239","0.32916666666666666","0.32916666666666666","0.32916666666666666"
"240","0.3278008298755187","0.3278008298755187","0.3278008298755187"
"241","0.3305785123966942","0.3305785123966942","0.3305785123966942"
"242","0.3292181069958848","0.3292181069958848","0.3292181069958848"
"243","0.32786885245901637","0.32786885245901637","0.32786885245901637"
"244","0.32653061224489793","0.32653061224489793","0.32653061224489793"
"245","0.3252032520325203","0.3252032520325203","0.3252032520325203"
"246","0.32388663967611336","0.32388663967611336","0.32388663967611336"
"247","0.3225806451612903","0.3225806451612903","0.3225806451612903"
"248","0.3253012048192771","0.3253012048192771","0.3253012048192771"
"249","0.324","0.324","0.324"
"250","0.32669322709163345","0.32669322709163345","0.32669322709163345"
"251","0.3253968253968254","0.3253968253968254","0.3253968253968254"
"252","0.32806324110671936","0.32806324110671936","0.32806324110671936"
"253","0.32677165354330706","0.32677165354330706","0.32677165354330706"
"254","0.32941176470588235","0.32941176470588235","0.32941176470588235"
"255","0.328125","0.328125","0.328125"
"256","0.32684824902723736","0.32684824902723736","0.32684824902723736"
"257","0.32558139534883723","0.32558139534883723","0.32558139534883723"
"258","0.3281853281853282","0.3281853281853282","0.3281853281853282"
"259","0.3269230769230769","0.3269230769230769","0.3269230769230769"
"260","0.32950191570881227","0.32950191570881227","0.32950191570881227"
"261","0.3282442748091603","0.3282442748091603","0.3282442748091603"
"262","0.3269961977186312","0.3269961977186312","0.3269961977186312"
"263","0.32954545454545453","0.32954545454545453","0.32954545454545453"
"264","0.3283018867924528","0.3283018867924528","0.3283018867924528"
"265","0.32706766917293234","0.32706766917293234","0.32706766917293234"
"266","0.3258426966292135","0.3258426966292135","0.3258426966292135"
"267","0.3283582089552239","0.3283582089552239","0.3283582089552239"
"268","0.3308550185873606","0.3308550185873606","0.3308550185873606"
"269","0.3296296296296296","0.3296296296296296","0.3296296296296296"
"270","0.3284132841328413","0.3284132841328413","0.3284132841328413"
"271","0.3272058823529412","0.3272058823529412","0.3272058823529412"
"272","0.326007326007326","0.326007326007326","0.326007326007326"
"273","0.3248175182481752","0.3248175182481752","0.3248175182481752"
"274","0.3236363636363636","0.3236363636363636","0.3236363636363636"
"275","0.32608695652173914","0.32608695652173914","0.32608695652173914"
"276","0.3249097472924188","0.3249097472924188","0.3249097472924188"
"277","0.3237410071942446","0.3237410071942446","0.3237410071942446"
"278","0.3225806451612903","0.3225806451612903","0.3225806451612903"
"279","0.32142857142857145","0.32142857142857145","0.32142857142857145"
"280","0.3202846975088968","0.3202846975088968","0.3202846975088968"
"281","0.3191489361702128","0.3191489361702128","0.3191489361702128"
"282","0.3215547703180212","0.3215547703180212","0.3215547703180212"
"283","0.3204225352112676","0.3204225352112676","0.3204225352112676"
"284","0.3192982456140351","0.3192982456140351","0.3192982456140351"
"285","0.32167832167832167","0.32167832167832167","0.32167832167832167"
"286","0.3205574912891986","0.3205574912891986","0.3205574912891986"
"287","0.3194444444444444","0.3194444444444444","0.3194444444444444"
"288","0.31833910034602075","0.31833910034602075","0.31833910034602075"
"289","0.31724137931034485","0.31724137931034485","0.31724137931034485"
"290","0.3161512027491409","0.3161512027491409","0.3161512027491409"
"291","0.3184931506849315","0.3184931506849315","0.3184931506849315"
"292","0.3174061433447099","0.3174061433447099","0.3174061433447099"
"293","0.3163265306122449","0.3163265306122449","0.3163265306122449"
"294","0.3152542372881356","0.3152542372881356","0.3152542372881356"
"295","0.3141891891891892","0.3141891891891892","0.3141891891891892"
"296","0.31313131313131315","0.31313131313131315","0.31313131313131315"
"297","0.31208053691275167","0.31208053691275167","0.31208053691275167"
"298","0.3110367892976589","0.3110367892976589","0.3110367892976589"
"299","0.31","0.31","0.31"
"300","0.3089700996677741","0.3089700996677741","0.3089700996677741"
"301","0.3079470198675497","0.3079470198675497","0.3079470198675497"
"302","0.3069306930693069","0.3069306930693069","0.3069306930693069"
"303","0.3059210526315789","0.3059210526315789","0.3059210526315789"
"304","0.30491803278688523","0.30491803278688523","0.30491803278688523"
"305","0.30392156862745096","0.30392156862745096","0.30392156862745096"
"306","0.30293159609120524","0.30293159609120524","0.30293159609120524"
"307","0.30194805194805197","0.30194805194805197","0.30194805194805197"
"308","0.30097087378640774","0.30097087378640774","0.30097087378640774"
"309","0.3","0.3","0.3"
"310","0.2990353697749196","0.2990353697749196","0.2990353697749196"
"311","0.30128205128205127","0.30128205128205127","0.30128205128205127"
"312","0.3003194888178914","0.3003194888178914","0.3003194888178914"
"313","0.30254777070063693","0.30254777070063693","0.30254777070063693"
"314","0.30158730158730157","0.30158730158730157","0.30158730158730157"
"315","0.30063291139240506","0.30063291139240506","0.30063291139240506"
"316","0.2996845425867508","0.2996845425867508","0.2996845425867508"
"317","0.29874213836477986","0.29874213836477986","0.29874213836477986"
"318","0.29780564263322884","0.29780564263322884","0.29780564263322884"
"319","0.3","0.3","0.3"
"320","0.29906542056074764","0.29906542056074764","0.29906542056074764"
"321","0.2981366459627329","0.2981366459627329","0.2981366459627329"
"322","0.29721362229102166","0.29721362229102166","0.29721362229102166"
"323","0.2962962962962963","0.2962962962962963","0.2962962962962963"
"324","0.2953846153846154","0.2953846153846154","0.2953846153846154"
"325","0.294478527607362","0.294478527607362","0.294478527607362"
"326","0.29357798165137616","0.29357798165137616","0.29357798165137616"
"327","0.2926829268292683","0.2926829268292683","0.2926829268292683"
"328","0.2917933130699088","0.2917933130699088","0.2917933130699088"
"329","0.2909090909090909","0.2909090909090909","0.2909090909090909"
"330","0.29003021148036257","0.29003021148036257","0.29003021148036257"
"331","0.2891566265060241","0.2891566265060241","0.2891566265060241"
"332","0.2882882882882883","0.2882882882882883","0.2882882882882883"
"333","0.2874251497005988","0.2874251497005988","0.2874251497005988"
"334","0.2865671641791045","0.2865671641791045","0.2865671641791045"
"335","0.2857142857142857","0.2857142857142857","0.2857142857142857"
"336","0.28486646884273","0.28486646884273","0.28486646884273"
"337","0.28402366863905326","0.28402366863905326","0.28402366863905326"
"338","0.2831858407079646","0.2831858407079646","0.2831858407079646"
"339","0.2823529411764706","0.2823529411764706","0.2823529411764706"
"340","0.28152492668621704","0.28152492668621704","0.28152492668621704"
"341","0.2807017543859649","0.2807017543859649","0.2807017543859649"
"342","0.27988338192419826","0.27988338192419826","0.27988338192419826"
"343","0.27906976744186046","0.27906976744186046","0.27906976744186046"
"344","0.2782608695652174","0.2782608695652174","0.2782608695652174"
"345","0.2774566473988439","0.2774566473988439","0.2774566473988439"
"346","0.276657060518732","0.276657060518732","0.276657060518732"
"347","0.27586206896551724","0.27586206896551724","0.27586206896551724"
"348","0.27793696275071633","0.27793696275071633","0.27793696275071633"
"349","0.27714285714285714","0.27714285714285714","0.27714285714285714"
"350","0.27635327635327633","0.27635327635327633","0.27635327635327633"
"351","0.2755681818181818","0.2755681818181818","0.2755681818181818"
"352","0.2747875354107649","0.2747875354107649","0.2747875354107649"
"353","0.2740112994350282","0.2740112994350282","0.2740112994350282"
"354","0.27323943661971833","0.27323943661971833","0.27323943661971833"
"355","0.27247191011235955","0.27247191011235955","0.27247191011235955"
"356","0.27170868347338933","0.27170868347338933","0.27170868347338933"
"357","0.2709497206703911","0.2709497206703911","0.2709497206703911"
"358","0.27019498607242337","0.27019498607242337","0.27019498607242337"
"359","0.26944444444444443","0.26944444444444443","0.26944444444444443"
"360","0.26869806094182824","0.26869806094182824","0.26869806094182824"
"361","0.26795580110497236","0.26795580110497236","0.26795580110497236"
"362","0.26721763085399447","0.26721763085399447","0.26721763085399447"
"363","0.2664835164835165","0.2664835164835165","0.2664835164835165"
"364","0.26575342465753427","0.26575342465753427","0.26575342465753427"
"365","0.2650273224043716","0.2650273224043716","0.2650273224043716"
"366","0.26430517711171664","0.26430517711171664","0.26430517711171664"
"367","0.26358695652173914","0.26358695652173914","0.26358695652173914"
"368","0.26287262872628725","0.26287262872628725","0.26287262872628725"
"369","0.26216216216216215","0.26216216216216215","0.26216216216216215"
"370","0.2641509433962264","0.2641509433962264","0.2641509433962264"
"371","0.26344086021505375","0.26344086021505375","0.26344086021505375"
"372","0.26273458445040215","0.26273458445040215","0.26273458445040215"
"373","0.2620320855614973","0.2620320855614973","0.2620320855614973"
"374","0.2613333333333333","0.2613333333333333","0.2613333333333333"
"375","0.26063829787234044","0.26063829787234044","0.26063829787234044"
"376","0.259946949602122","0.259946949602122","0.259946949602122"
"377","0.25925925925925924","0.25925925925925924","0.25925925925925924"
"378","0.25857519788918204","0.25857519788918204","0.25857519788918204"
"379","0.2578947368421053","0.2578947368421053","0.2578947368421053"
"380","0.2572178477690289","0.2572178477690289","0.2572178477690289"
"381","0.25654450261780104","0.25654450261780104","0.25654450261780104"
"382","0.2558746736292428","0.2558746736292428","0.2558746736292428"
"383","0.2552083333333333","0.2552083333333333","0.2552083333333333"
"384","0.2545454545454545","0.2545454545454545","0.2545454545454545"
"385","0.2538860103626943","0.2538860103626943","0.2538860103626943"
"386","0.2558139534883721","0.2558139534883721","0.2558139534883721"
"387","0.2551546391752577","0.2551546391752577","0.2551546391752577"
"388","0.2544987146529563","0.2544987146529563","0.2544987146529563"
"389","0.25384615384615383","0.25384615384615383","0.25384615384615383"
"390","0.2557544757033248","0.2557544757033248","0.2557544757033248"
"391","0.25510204081632654","0.25510204081632654","0.25510204081632654"
"392","0.2544529262086514","0.2544529262086514","0.2544529262086514"
"393","0.2563451776649746","0.2563451776649746","0.2563451776649746"
"394","0.2582278481012658","0.2582278481012658","0.2582278481012658"
"395","0.25757575757575757","0.25757575757575757","0.25757575757575757"
"396","0.25692695214105793","0.25692695214105793","0.25692695214105793"
"397","0.2562814070351759","0.2562814070351759","0.2562814070351759"
"398","0.2581453634085213","0.2581453634085213","0.2581453634085213"
"399","0.2575","0.2575","0.2575"
"400","0.256857855361596","0.256857855361596","0.256857855361596"
"401","0.2562189054726368","0.2562189054726368","0.2562189054726368"
"402","0.2555831265508685","0.2555831265508685","0.2555831265508685"
"403","0.25495049504950495","0.25495049504950495","0.25495049504950495"
"404","0.254320987654321","0.254320987654321","0.254320987654321"
"405","0.2536945812807882","0.2536945812807882","0.2536945812807882"
"406","0.25307125307125306","0.25307125307125306","0.25307125307125306"
"407","0.25245098039215685","0.25245098039215685","0.25245098039215685"
"408","0.25183374083129584","0.25183374083129584","0.25183374083129584"
"409","0.25121951219512195","0.25121951219512195","0.25121951219512195"
"410","0.25304136253041365","0.25304136253041365","0.25304136253041365"
"411","0.2524271844660194","0.2524271844660194","0.2524271844660194"
"412","0.25181598062953997","0.25181598062953997","0.25181598062953997"
"413","0.25120772946859904","0.25120772946859904","0.25120772946859904"
"414","0.25060240963855424","0.25060240963855424","0.25060240963855424"
"415","0.25240384615384615","0.25240384615384615","0.25240384615384615"
"416","0.2517985611510791","0.2517985611510791","0.2517985611510791"
"417","0.2511961722488038","0.2511961722488038","0.2511961722488038"
"418","0.25059665871121717","0.25059665871121717","0.25059665871121717"
"419","0.25","0.25","0.25"
"420","0.2494061757719715","0.2494061757719715","0.2494061757719715"
"421","0.24881516587677724","0.24881516587677724","0.24881516587677724"
"422","0.25059101654846333","0.25059101654846333","0.25059101654846333"
"423","0.25","0.25","0.25"
"424","0.24941176470588236","0.24941176470588236","0.24941176470588236"
"425","0.2511737089201878","0.2511737089201878","0.2511737089201878"
"426","0.2505854800936768","0.2505854800936768","0.2505854800936768"
"427","0.2523364485981308","0.2523364485981308","0.2523364485981308"
"428","0.2517482517482518","0.2517482517482518","0.2517482517482518"
"429","0.25116279069767444","0.25116279069767444","0.25116279069767444"
"430","0.2505800464037123","0.2505800464037123","0.2505800464037123"
"431","0.25","0.25","0.25"
"432","0.24942263279445728","0.24942263279445728","0.24942263279445728"
"433","0.2488479262672811","0.2488479262672811","0.2488479262672811"
"434","0.25057471264367814","0.25057471264367814","0.25057471264367814"
"435","0.25229357798165136","0.25229357798165136","0.25229357798165136"
"436","0.2540045766590389","0.2540045766590389","0.2540045766590389"
"437","0.2557077625570776","0.2557077625570776","0.2557077625570776"
"438","0.255125284738041","0.255125284738041","0.255125284738041"
"439","0.25681818181818183","0.25681818181818183","0.25681818181818183"
"440","0.2562358276643991","0.2562358276643991","0.2562358276643991"
"441","0.25565610859728505","0.25565610859728505","0.25565610859728505"
"442","0.25733634311512416","0.25733634311512416","0.25733634311512416"
"443","0.25675675675675674","0.25675675675675674","0.25675675675675674"
"444","0.25617977528089886","0.25617977528089886","0.25617977528089886"
"445","0.257847533632287","0.257847533632287","0.257847533632287"
"446","0.2595078299776286","0.2595078299776286","0.2595078299776286"
"447","0.25892857142857145","0.25892857142857145","0.25892857142857145"
"448","0.2583518930957684","0.2583518930957684","0.2583518930957684"
"449","0.26","0.26","0.26"
"450","0.25942350332594233","0.25942350332594233","0.25942350332594233"
"451","0.2588495575221239","0.2588495575221239","0.2588495575221239"
"452","0.2582781456953642","0.2582781456953642","0.2582781456953642"
"453","0.2577092511013216","0.2577092511013216","0.2577092511013216"
"454","0.2571428571428571","0.2571428571428571","0.2571428571428571"
"455","0.25877192982456143","0.25877192982456143","0.25877192982456143"
"456","0.25820568927789933","0.25820568927789933","0.25820568927789933"
"457","0.259825327510917","0.259825327510917","0.259825327510917"
"458","0.26143790849673204","0.26143790849673204","0.26143790849673204"
"459","0.2608695652173913","0.2608695652173913","0.2608695652173913"
"460","0.26247288503253796","0.26247288503253796","0.26247288503253796"
"461","0.2619047619047619","0.2619047619047619","0.2619047619047619"
"462","0.2613390928725702","0.2613390928725702","0.2613390928725702"
"463","0.2607758620689655","0.2607758620689655","0.2607758620689655"
"464","0.26021505376344084","0.26021505376344084","0.26021505376344084"
"465","0.26180257510729615","0.26180257510729615","0.26180257510729615"
"466","0.26124197002141325","0.26124197002141325","0.26124197002141325"
"467","0.26282051282051283","0.26282051282051283","0.26282051282051283"
"468","0.26439232409381663","0.26439232409381663","0.26439232409381663"
"469","0.26595744680851063","0.26595744680851063","0.26595744680851063"
"470","0.267515923566879","0.267515923566879","0.267515923566879"
"471","0.2669491525423729","0.2669491525423729","0.2669491525423729"
"472","0.266384778012685","0.266384778012685","0.266384778012685"
"473","0.2679324894514768","0.2679324894514768","0.2679324894514768"
"474","0.2694736842105263","0.2694736842105263","0.2694736842105263"
"475","0.2689075630252101","0.2689075630252101","0.2689075630252101"
"476","0.26834381551362685","0.26834381551362685","0.26834381551362685"
"477","0.26778242677824265","0.26778242677824265","0.26778242677824265"
"478","0.26931106471816285","0.26931106471816285","0.26931106471816285"
"479","0.2708333333333333","0.2708333333333333","0.2708333333333333"
"480","0.27234927234927236","0.27234927234927236","0.27234927234927236"
"481","0.2717842323651452","0.2717842323651452","0.2717842323651452"
"482","0.2712215320910973","0.2712215320910973","0.2712215320910973"
"483","0.2706611570247934","0.2706611570247934","0.2706611570247934"
"484","0.27010309278350514","0.27010309278350514","0.27010309278350514"
"485","0.26954732510288065","0.26954732510288065","0.26954732510288065"
"486","0.27104722792607805","0.27104722792607805","0.27104722792607805"
"487","0.27049180327868855","0.27049180327868855","0.27049180327868855"
"488","0.26993865030674846","0.26993865030674846","0.26993865030674846"
"489","0.2693877551020408","0.2693877551020408","0.2693877551020408"
"490","0.26883910386965376","0.26883910386965376","0.26883910386965376"
"491","0.2703252032520325","0.2703252032520325","0.2703252032520325"
"492","0.2697768762677485","0.2697768762677485","0.2697768762677485"
"493","0.27125506072874495","0.27125506072874495","0.27125506072874495"
"494","0.27070707070707073","0.27070707070707073","0.27070707070707073"
"495","0.2701612903225806","0.2701612903225806","0.2701612903225806"
"496","0.26961770623742454","0.26961770623742454","0.26961770623742454"
"497","0.2710843373493976","0.2710843373493976","0.2710843373493976"
"498","0.2725450901803607","0.2725450901803607","0.2725450901803607"
"499","0.274","0.274","0.274"
"500","0.27345309381237526","0.27345309381237526","0.27345309381237526"
"501","0.2729083665338645","0.2729083665338645","0.2729083665338645"
"502","0.27236580516898606","0.27236580516898606","0.27236580516898606"
"503","0.27380952380952384","0.27380952380952384","0.27380952380952384"
"504","0.2732673267326733","0.2732673267326733","0.2732673267326733"
"505","0.274703557312253","0.274703557312253","0.274703557312253"
"506","0.27416173570019725","0.27416173570019725","0.27416173570019725"
"507","0.2736220472440945","0.2736220472440945","0.2736220472440945"
"508","0.2730844793713163","0.2730844793713163","0.2730844793713163"
"509","0.2725490196078431","0.2725490196078431","0.2725490196078431"
"510","0.273972602739726","0.273972602739726","0.273972602739726"
"511","0.2734375","0.2734375","0.2734375"
"512","0.2729044834307992","0.2729044834307992","0.2729044834307992"
"513","0.2723735408560311","0.2723735408560311","0.2723735408560311"
"514","0.27184466019417475","0.27184466019417475","0.27184466019417475"
"515","0.27325581395348836","0.27325581395348836","0.27325581395348836"
"516","0.2746615087040619","0.2746615087040619","0.2746615087040619"
"517","0.27606177606177607","0.27606177606177607","0.27606177606177607"
"518","0.27552986512524086","0.27552986512524086","0.27552986512524086"
"519","0.275","0.275","0.275"
"520","0.2744721689059501","0.2744721689059501","0.2744721689059501"
"521","0.2739463601532567","0.2739463601532567","0.2739463601532567"
"522","0.27533460803059273","0.27533460803059273","0.27533460803059273"
"523","0.2767175572519084","0.2767175572519084","0.2767175572519084"
"524","0.2761904761904762","0.2761904761904762","0.2761904761904762"
"525","0.27566539923954375","0.27566539923954375","0.27566539923954375"
"526","0.27514231499051234","0.27514231499051234","0.27514231499051234"
"527","0.2746212121212121","0.2746212121212121","0.2746212121212121"
"528","0.2741020793950851","0.2741020793950851","0.2741020793950851"
"529","0.27547169811320754","0.27547169811320754","0.27547169811320754"
"530","0.2749529190207156","0.2749529190207156","0.2749529190207156"
"531","0.27631578947368424","0.27631578947368424","0.27631578947368424"
"532","0.275797373358349","0.275797373358349","0.275797373358349"
"533","0.2752808988764045","0.2752808988764045","0.2752808988764045"
"534","0.2766355140186916","0.2766355140186916","0.2766355140186916"
"535","0.27798507462686567","0.27798507462686567","0.27798507462686567"
"536","0.2774674115456238","0.2774674115456238","0.2774674115456238"
"537","0.27695167286245354","0.27695167286245354","0.27695167286245354"
"538","0.2764378478664193","0.2764378478664193","0.2764378478664193"
"539","0.2759259259259259","0.2759259259259259","0.2759259259259259"
"540","0.2754158964879852","0.2754158964879852","0.2754158964879852"
"541","0.2767527675276753","0.2767527675276753","0.2767527675276753"
"542","0.27624309392265195","0.27624309392265195","0.27624309392265195"
"543","0.2757352941176471","0.2757352941176471","0.2757352941176471"
"544","0.27522935779816515","0.27522935779816515","0.27522935779816515"
"545","0.2765567765567766","0.2765567765567766","0.2765567765567766"
"546","0.27787934186471663","0.27787934186471663","0.27787934186471663"
"547","0.2791970802919708","0.2791970802919708","0.2791970802919708"
"548","0.28051001821493626","0.28051001821493626","0.28051001821493626"
"549","0.2818181818181818","0.2818181818181818","0.2818181818181818"
"550","0.2831215970961887","0.2831215970961887","0.2831215970961887"
"551","0.28442028985507245","0.28442028985507245","0.28442028985507245"
"552","0.28390596745027125","0.28390596745027125","0.28390596745027125"
"553","0.2833935018050541","0.2833935018050541","0.2833935018050541"
"554","0.28468468468468466","0.28468468468468466","0.28468468468468466"
"555","0.2841726618705036","0.2841726618705036","0.2841726618705036"
"556","0.28545780969479356","0.28545780969479356","0.28545780969479356"
"557","0.2849462365591398","0.2849462365591398","0.2849462365591398"
"558","0.2844364937388193","0.2844364937388193","0.2844364937388193"
"559","0.2857142857142857","0.2857142857142857","0.2857142857142857"
"560","0.28698752228163993","0.28698752228163993","0.28698752228163993"
"561","0.28647686832740216","0.28647686832740216","0.28647686832740216"
"562","0.28596802841918295","0.28596802841918295","0.28596802841918295"
"563","0.2872340425531915","0.2872340425531915","0.2872340425531915"
"564","0.2867256637168142","0.2867256637168142","0.2867256637168142"
"565","0.2862190812720848","0.2862190812720848","0.2862190812720848"
"566","0.2857142857142857","0.2857142857142857","0.2857142857142857"
"567","0.2869718309859155","0.2869718309859155","0.2869718309859155"
"568","0.28646748681898065","0.28646748681898065","0.28646748681898065"
"569","0.28771929824561404","0.28771929824561404","0.28771929824561404"
"570","0.287215411558669","0.287215411558669","0.287215411558669"
"571","0.2867132867132867","0.2867132867132867","0.2867132867132867"
"572","0.2862129144851658","0.2862129144851658","0.2862129144851658"
"573","0.2857142857142857","0.2857142857142857","0.2857142857142857"
"574","0.2852173913043478","0.2852173913043478","0.2852173913043478"
"575","0.2847222222222222","0.2847222222222222","0.2847222222222222"
"576","0.28596187175043325","0.28596187175043325","0.28596187175043325"
"577","0.28546712802768165","0.28546712802768165","0.28546712802768165"
"578","0.2849740932642487","0.2849740932642487","0.2849740932642487"
"579","0.28620689655172415","0.28620689655172415","0.28620689655172415"
"580","0.2857142857142857","0.2857142857142857","0.2857142857142857"
"581","0.2852233676975945","0.2852233676975945","0.2852233676975945"
"582","0.2864493996569468","0.2864493996569468","0.2864493996569468"
"583","0.2876712328767123","0.2876712328767123","0.2876712328767123"
"584","0.28717948717948716","0.28717948717948716","0.28717948717948716"
"585","0.2883959044368601","0.2883959044368601","0.2883959044368601"
"586","0.2879045996592845","0.2879045996592845","0.2879045996592845"
"587","0.28741496598639454","0.28741496598639454","0.28741496598639454"
"588","0.2869269949066214","0.2869269949066214","0.2869269949066214"
"589","0.2864406779661017","0.2864406779661017","0.2864406779661017"
"590","0.2876480541455161","0.2876480541455161","0.2876480541455161"
"591","0.28716216216216217","0.28716216216216217","0.28716216216216217"
"592","0.2866779089376054","0.2866779089376054","0.2866779089376054"
"593","0.2878787878787879","0.2878787878787879","0.2878787878787879"
"594","0.28739495798319326","0.28739495798319326","0.28739495798319326"
"595","0.28691275167785235","0.28691275167785235","0.28691275167785235"
"596","0.288107202680067","0.288107202680067","0.288107202680067"
"597","0.28929765886287623","0.28929765886287623","0.28929765886287623"
"598","0.2888146911519199","0.2888146911519199","0.2888146911519199"
"599","0.29","0.29","0.29"
"600","0.2911813643926789","0.2911813643926789","0.2911813643926789"
"601","0.29069767441860467","0.29069767441860467","0.29069767441860467"
"602","0.29187396351575456","0.29187396351575456","0.29187396351575456"
"603","0.2913907284768212","0.2913907284768212","0.2913907284768212"
"604","0.2909090909090909","0.2909090909090909","0.2909090909090909"
"605","0.29042904290429045","0.29042904290429045","0.29042904290429045"
"606","0.2899505766062603","0.2899505766062603","0.2899505766062603"
"607","0.2894736842105263","0.2894736842105263","0.2894736842105263"
"608","0.29064039408866993","0.29064039408866993","0.29064039408866993"
"609","0.29180327868852457","0.29180327868852457","0.29180327868852457"
"610","0.29296235679214405","0.29296235679214405","0.29296235679214405"
"611","0.29248366013071897","0.29248366013071897","0.29248366013071897"
"612","0.2936378466557912","0.2936378466557912","0.2936378466557912"
"613","0.2931596091205212","0.2931596091205212","0.2931596091205212"
"614","0.2926829268292683","0.2926829268292683","0.2926829268292683"
"615","0.29383116883116883","0.29383116883116883","0.29383116883116883"
"616","0.29497568881685576","0.29497568881685576","0.29497568881685576"
"617","0.2961165048543689","0.2961165048543689","0.2961165048543689"
"618","0.2972536348949919","0.2972536348949919","0.2972536348949919"
"619","0.2967741935483871","0.2967741935483871","0.2967741935483871"
"620","0.29790660225442833","0.29790660225442833","0.29790660225442833"
"621","0.297427652733119","0.297427652733119","0.297427652733119"
"622","0.2969502407704655","0.2969502407704655","0.2969502407704655"
"623","0.296474358974359","0.296474358974359","0.296474358974359"
"624","0.296","0.296","0.296"
"625","0.2971246006389776","0.2971246006389776","0.2971246006389776"
"626","0.2966507177033493","0.2966507177033493","0.2966507177033493"
"627","0.2961783439490446","0.2961783439490446","0.2961783439490446"