"Step","vivid-donkey-291 - Percentage of times the goal was reached through time","vivid-donkey-291 - Percentage of times the goal was reached through time__MIN","vivid-donkey-291 - Percentage of times the goal was reached through time__MAX"
"0","0","0","0"
"1","0","0","0"
"2","0","0","0"
"3","0","0","0"
"4","0","0","0"
"5","0","0","0"
"6","0","0","0"
"7","0","0","0"
"8","0","0","0"
"9","0.1","0.1","0.1"
"10","0.09090909090909091","0.09090909090909091","0.09090909090909091"
"11","0.16666666666666666","0.16666666666666666","0.16666666666666666"
"12","0.15384615384615385","0.15384615384615385","0.15384615384615385"
"13","0.14285714285714285","0.14285714285714285","0.14285714285714285"
"14","0.13333333333333333","0.13333333333333333","0.13333333333333333"
"15","0.125","0.125","0.125"
"16","0.11764705882352941","0.11764705882352941","0.11764705882352941"
"17","0.16666666666666666","0.16666666666666666","0.16666666666666666"
"18","0.15789473684210525","0.15789473684210525","0.15789473684210525"
"19","0.2","0.2","0.2"
"20","0.19047619047619047","0.19047619047619047","0.19047619047619047"
"21","0.18181818181818182","0.18181818181818182","0.18181818181818182"
"22","0.17391304347826086","0.17391304347826086","0.17391304347826086"
"23","0.20833333333333334","0.20833333333333334","0.20833333333333334"
"24","0.2","0.2","0.2"
"25","0.19230769230769232","0.19230769230769232","0.19230769230769232"
"26","0.2222222222222222","0.2222222222222222","0.2222222222222222"
"27","0.21428571428571427","0.21428571428571427","0.21428571428571427"
"28","0.20689655172413793","0.20689655172413793","0.20689655172413793"
"29","0.2","0.2","0.2"
"30","0.1935483870967742","0.1935483870967742","0.1935483870967742"
"31","0.21875","0.21875","0.21875"
"32","0.21212121212121213","0.21212121212121213","0.21212121212121213"
"33","0.20588235294117646","0.20588235294117646","0.20588235294117646"
"34","0.2","0.2","0.2"
"35","0.19444444444444445","0.19444444444444445","0.19444444444444445"
"36","0.1891891891891892","0.1891891891891892","0.1891891891891892"
"37","0.21052631578947367","0.21052631578947367","0.21052631578947367"
"38","0.20512820512820512","0.20512820512820512","0.20512820512820512"
"39","0.225","0.225","0.225"
"40","0.21951219512195122","0.21951219512195122","0.21951219512195122"
"41","0.21428571428571427","0.21428571428571427","0.21428571428571427"
"42","0.23255813953488372","0.23255813953488372","0.23255813953488372"
"43","0.22727272727272727","0.22727272727272727","0.22727272727272727"
"44","0.24444444444444444","0.24444444444444444","0.24444444444444444"
"45","0.2391304347826087","0.2391304347826087","0.2391304347826087"
"46","0.2553191489361702","0.2553191489361702","0.2553191489361702"
"47","0.2708333333333333","0.2708333333333333","0.2708333333333333"
"48","0.2653061224489796","0.2653061224489796","0.2653061224489796"
"49","0.28","0.28","0.28"
"50","0.27450980392156865","0.27450980392156865","0.27450980392156865"
"51","0.2692307692307692","0.2692307692307692","0.2692307692307692"
"52","0.2830188679245283","0.2830188679245283","0.2830188679245283"
"53","0.2777777777777778","0.2777777777777778","0.2777777777777778"
"54","0.2727272727272727","0.2727272727272727","0.2727272727272727"
"55","0.2857142857142857","0.2857142857142857","0.2857142857142857"
"56","0.2807017543859649","0.2807017543859649","0.2807017543859649"
"57","0.29310344827586204","0.29310344827586204","0.29310344827586204"
"58","0.3050847457627119","0.3050847457627119","0.3050847457627119"
"59","0.3","0.3","0.3"
"60","0.3114754098360656","0.3114754098360656","0.3114754098360656"
"61","0.3225806451612903","0.3225806451612903","0.3225806451612903"
"62","0.3333333333333333","0.3333333333333333","0.3333333333333333"
"63","0.328125","0.328125","0.328125"
"64","0.3384615384615385","0.3384615384615385","0.3384615384615385"
"65","0.3333333333333333","0.3333333333333333","0.3333333333333333"
"66","0.34328358208955223","0.34328358208955223","0.34328358208955223"
"67","0.35294117647058826","0.35294117647058826","0.35294117647058826"
"68","0.34782608695652173","0.34782608695652173","0.34782608695652173"
"69","0.35714285714285715","0.35714285714285715","0.35714285714285715"
"70","0.36619718309859156","0.36619718309859156","0.36619718309859156"
"71","0.3611111111111111","0.3611111111111111","0.3611111111111111"
"72","0.3561643835616438","0.3561643835616438","0.3561643835616438"
"73","0.36486486486486486","0.36486486486486486","0.36486486486486486"
"74","0.36","0.36","0.36"
"75","0.3684210526315789","0.3684210526315789","0.3684210526315789"
"76","0.37662337662337664","0.37662337662337664","0.37662337662337664"
"77","0.38461538461538464","0.38461538461538464","0.38461538461538464"
"78","0.379746835443038","0.379746835443038","0.379746835443038"
"79","0.3875","0.3875","0.3875"
"80","0.38271604938271603","0.38271604938271603","0.38271604938271603"
"81","0.3902439024390244","0.3902439024390244","0.3902439024390244"
"82","0.39759036144578314","0.39759036144578314","0.39759036144578314"
"83","0.40476190476190477","0.40476190476190477","0.40476190476190477"
"84","0.4117647058823529","0.4117647058823529","0.4117647058823529"
"85","0.4186046511627907","0.4186046511627907","0.4186046511627907"
"86","0.42528735632183906","0.42528735632183906","0.42528735632183906"
"87","0.42045454545454547","0.42045454545454547","0.42045454545454547"
"88","0.42696629213483145","0.42696629213483145","0.42696629213483145"
"89","0.43333333333333335","0.43333333333333335","0.43333333333333335"
"90","0.42857142857142855","0.42857142857142855","0.42857142857142855"
"91","0.43478260869565216","0.43478260869565216","0.43478260869565216"
"92","0.43010752688172044","0.43010752688172044","0.43010752688172044"
"93","0.425531914893617","0.425531914893617","0.425531914893617"
"94","0.42105263157894735","0.42105263157894735","0.42105263157894735"
"95","0.4270833333333333","0.4270833333333333","0.4270833333333333"
"96","0.422680412371134","0.422680412371134","0.422680412371134"
"97","0.42857142857142855","0.42857142857142855","0.42857142857142855"
"98","0.43434343434343436","0.43434343434343436","0.43434343434343436"
"99","0.44","0.44","0.44"
"100","0.43564356435643564","0.43564356435643564","0.43564356435643564"
"101","0.4411764705882353","0.4411764705882353","0.4411764705882353"
"102","0.4368932038834951","0.4368932038834951","0.4368932038834951"
"103","0.4423076923076923","0.4423076923076923","0.4423076923076923"
"104","0.4380952380952381","0.4380952380952381","0.4380952380952381"
"105","0.44339622641509435","0.44339622641509435","0.44339622641509435"
"106","0.4485981308411215","0.4485981308411215","0.4485981308411215"
"107","0.4537037037037037","0.4537037037037037","0.4537037037037037"
"108","0.45871559633027525","0.45871559633027525","0.45871559633027525"
"109","0.45454545454545453","0.45454545454545453","0.45454545454545453"
"110","0.4594594594594595","0.4594594594594595","0.4594594594594595"
"111","0.4642857142857143","0.4642857142857143","0.4642857142857143"
"112","0.4690265486725664","0.4690265486725664","0.4690265486725664"
"113","0.47368421052631576","0.47368421052631576","0.47368421052631576"
"114","0.46956521739130436","0.46956521739130436","0.46956521739130436"
"115","0.47413793103448276","0.47413793103448276","0.47413793103448276"
"116","0.4700854700854701","0.4700854700854701","0.4700854700854701"
"117","0.4745762711864407","0.4745762711864407","0.4745762711864407"
"118","0.47058823529411764","0.47058823529411764","0.47058823529411764"
"119","0.475","0.475","0.475"
"120","0.4793388429752066","0.4793388429752066","0.4793388429752066"
"121","0.48360655737704916","0.48360655737704916","0.48360655737704916"
"122","0.4796747967479675","0.4796747967479675","0.4796747967479675"
"123","0.4838709677419355","0.4838709677419355","0.4838709677419355"
"124","0.488","0.488","0.488"
"125","0.49206349206349204","0.49206349206349204","0.49206349206349204"
"126","0.49606299212598426","0.49606299212598426","0.49606299212598426"
"127","0.5","0.5","0.5"
"128","0.5038759689922481","0.5038759689922481","0.5038759689922481"
"129","0.5076923076923077","0.5076923076923077","0.5076923076923077"
"130","0.5114503816793893","0.5114503816793893","0.5114503816793893"
"131","0.5151515151515151","0.5151515151515151","0.5151515151515151"
"132","0.518796992481203","0.518796992481203","0.518796992481203"
"133","0.5223880597014925","0.5223880597014925","0.5223880597014925"
"134","0.5259259259259259","0.5259259259259259","0.5259259259259259"
"135","0.5294117647058824","0.5294117647058824","0.5294117647058824"
"136","0.5328467153284672","0.5328467153284672","0.5328467153284672"
"137","0.5289855072463768","0.5289855072463768","0.5289855072463768"
"138","0.5323741007194245","0.5323741007194245","0.5323741007194245"
"139","0.5357142857142857","0.5357142857142857","0.5357142857142857"
"140","0.5390070921985816","0.5390070921985816","0.5390070921985816"
"141","0.5422535211267606","0.5422535211267606","0.5422535211267606"
"142","0.5454545454545454","0.5454545454545454","0.5454545454545454"
"143","0.5486111111111112","0.5486111111111112","0.5486111111111112"
"144","0.5517241379310345","0.5517241379310345","0.5517241379310345"
"145","0.5547945205479452","0.5547945205479452","0.5547945205479452"
"146","0.5578231292517006","0.5578231292517006","0.5578231292517006"
"147","0.5608108108108109","0.5608108108108109","0.5608108108108109"
"148","0.5637583892617449","0.5637583892617449","0.5637583892617449"
"149","0.5666666666666667","0.5666666666666667","0.5666666666666667"
"150","0.5695364238410596","0.5695364238410596","0.5695364238410596"
"151","0.5723684210526315","0.5723684210526315","0.5723684210526315"
"152","0.5751633986928104","0.5751633986928104","0.5751633986928104"
"153","0.577922077922078","0.577922077922078","0.577922077922078"
"154","0.5806451612903226","0.5806451612903226","0.5806451612903226"
"155","0.5833333333333334","0.5833333333333334","0.5833333333333334"
"156","0.5796178343949044","0.5796178343949044","0.5796178343949044"
"157","0.5822784810126582","0.5822784810126582","0.5822784810126582"
"158","0.5849056603773585","0.5849056603773585","0.5849056603773585"
"159","0.5875","0.5875","0.5875"
"160","0.5838509316770186","0.5838509316770186","0.5838509316770186"
"161","0.5864197530864198","0.5864197530864198","0.5864197530864198"
"162","0.5828220858895705","0.5828220858895705","0.5828220858895705"
"163","0.5792682926829268","0.5792682926829268","0.5792682926829268"
"164","0.5818181818181818","0.5818181818181818","0.5818181818181818"
"165","0.5843373493975904","0.5843373493975904","0.5843373493975904"
"166","0.5868263473053892","0.5868263473053892","0.5868263473053892"
"167","0.5833333333333334","0.5833333333333334","0.5833333333333334"
"168","0.5857988165680473","0.5857988165680473","0.5857988165680473"
"169","0.5882352941176471","0.5882352941176471","0.5882352941176471"
"170","0.5906432748538012","0.5906432748538012","0.5906432748538012"
"171","0.5930232558139535","0.5930232558139535","0.5930232558139535"
"172","0.5953757225433526","0.5953757225433526","0.5953757225433526"
"173","0.5919540229885057","0.5919540229885057","0.5919540229885057"
"174","0.5885714285714285","0.5885714285714285","0.5885714285714285"
"175","0.5909090909090909","0.5909090909090909","0.5909090909090909"
"176","0.5932203389830508","0.5932203389830508","0.5932203389830508"
"177","0.5898876404494382","0.5898876404494382","0.5898876404494382"
"178","0.5921787709497207","0.5921787709497207","0.5921787709497207"
"179","0.5944444444444444","0.5944444444444444","0.5944444444444444"
"180","0.5966850828729282","0.5966850828729282","0.5966850828729282"
"181","0.5989010989010989","0.5989010989010989","0.5989010989010989"
"182","0.6010928961748634","0.6010928961748634","0.6010928961748634"
"183","0.6032608695652174","0.6032608695652174","0.6032608695652174"
"184","0.6054054054054054","0.6054054054054054","0.6054054054054054"
"185","0.6021505376344086","0.6021505376344086","0.6021505376344086"
"186","0.6042780748663101","0.6042780748663101","0.6042780748663101"
"187","0.6063829787234043","0.6063829787234043","0.6063829787234043"
"188","0.6084656084656085","0.6084656084656085","0.6084656084656085"
"189","0.6105263157894737","0.6105263157894737","0.6105263157894737"
"190","0.6073298429319371","0.6073298429319371","0.6073298429319371"
"191","0.609375","0.609375","0.609375"
"192","0.6113989637305699","0.6113989637305699","0.6113989637305699"
"193","0.6134020618556701","0.6134020618556701","0.6134020618556701"
"194","0.6153846153846154","0.6153846153846154","0.6153846153846154"
"195","0.6173469387755102","0.6173469387755102","0.6173469387755102"
"196","0.6142131979695431","0.6142131979695431","0.6142131979695431"
"197","0.6161616161616161","0.6161616161616161","0.6161616161616161"
"198","0.6180904522613065","0.6180904522613065","0.6180904522613065"
"199","0.62","0.62","0.62"
"200","0.6218905472636815","0.6218905472636815","0.6218905472636815"
"201","0.6237623762376238","0.6237623762376238","0.6237623762376238"
"202","0.625615763546798","0.625615763546798","0.625615763546798"
"203","0.6225490196078431","0.6225490196078431","0.6225490196078431"
"204","0.624390243902439","0.624390243902439","0.624390243902439"
"205","0.6213592233009708","0.6213592233009708","0.6213592233009708"
"206","0.6183574879227053","0.6183574879227053","0.6183574879227053"
"207","0.6201923076923077","0.6201923076923077","0.6201923076923077"
"208","0.6172248803827751","0.6172248803827751","0.6172248803827751"
"209","0.6190476190476191","0.6190476190476191","0.6190476190476191"
"210","0.6208530805687204","0.6208530805687204","0.6208530805687204"
"211","0.6226415094339622","0.6226415094339622","0.6226415094339622"
"212","0.6244131455399061","0.6244131455399061","0.6244131455399061"
"213","0.6261682242990654","0.6261682242990654","0.6261682242990654"
"214","0.6232558139534884","0.6232558139534884","0.6232558139534884"
"215","0.6203703703703703","0.6203703703703703","0.6203703703703703"
"216","0.6175115207373272","0.6175115207373272","0.6175115207373272"
"217","0.6146788990825688","0.6146788990825688","0.6146788990825688"
"218","0.6118721461187214","0.6118721461187214","0.6118721461187214"
"219","0.6136363636363636","0.6136363636363636","0.6136363636363636"
"220","0.6153846153846154","0.6153846153846154","0.6153846153846154"
"221","0.6126126126126126","0.6126126126126126","0.6126126126126126"
"222","0.6143497757847534","0.6143497757847534","0.6143497757847534"
"223","0.6116071428571429","0.6116071428571429","0.6116071428571429"
"224","0.6088888888888889","0.6088888888888889","0.6088888888888889"
"225","0.6106194690265486","0.6106194690265486","0.6106194690265486"
"226","0.6123348017621145","0.6123348017621145","0.6123348017621145"
"227","0.6140350877192983","0.6140350877192983","0.6140350877192983"
"228","0.6157205240174672","0.6157205240174672","0.6157205240174672"
"229","0.6173913043478261","0.6173913043478261","0.6173913043478261"
"230","0.6190476190476191","0.6190476190476191","0.6190476190476191"
"231","0.6206896551724138","0.6206896551724138","0.6206896551724138"
"232","0.6180257510729614","0.6180257510729614","0.6180257510729614"
"233","0.6196581196581197","0.6196581196581197","0.6196581196581197"
"234","0.6212765957446809","0.6212765957446809","0.6212765957446809"
"235","0.6228813559322034","0.6228813559322034","0.6228813559322034"
"236","0.6244725738396625","0.6244725738396625","0.6244725738396625"
"237","0.6260504201680672","0.6260504201680672","0.6260504201680672"
"238","0.6276150627615062","0.6276150627615062","0.6276150627615062"
"239","0.6291666666666667","0.6291666666666667","0.6291666666666667"
"240","0.6307053941908713","0.6307053941908713","0.6307053941908713"
"241","0.628099173553719","0.628099173553719","0.628099173553719"
"242","0.6255144032921811","0.6255144032921811","0.6255144032921811"
"243","0.6270491803278688","0.6270491803278688","0.6270491803278688"
"244","0.6285714285714286","0.6285714285714286","0.6285714285714286"
"245","0.6260162601626016","0.6260162601626016","0.6260162601626016"
"246","0.6275303643724697","0.6275303643724697","0.6275303643724697"
"247","0.6290322580645161","0.6290322580645161","0.6290322580645161"
"248","0.6305220883534136","0.6305220883534136","0.6305220883534136"
"249","0.632","0.632","0.632"
"250","0.6334661354581673","0.6334661354581673","0.6334661354581673"
"251","0.6309523809523809","0.6309523809523809","0.6309523809523809"
"252","0.6324110671936759","0.6324110671936759","0.6324110671936759"
"253","0.6338582677165354","0.6338582677165354","0.6338582677165354"
"254","0.6313725490196078","0.6313725490196078","0.6313725490196078"
"255","0.62890625","0.62890625","0.62890625"
"256","0.6303501945525292","0.6303501945525292","0.6303501945525292"
"257","0.627906976744186","0.627906976744186","0.627906976744186"
"258","0.6293436293436293","0.6293436293436293","0.6293436293436293"
"259","0.6307692307692307","0.6307692307692307","0.6307692307692307"
"260","0.632183908045977","0.632183908045977","0.632183908045977"
"261","0.6335877862595419","0.6335877862595419","0.6335877862595419"
"262","0.6349809885931559","0.6349809885931559","0.6349809885931559"
"263","0.6363636363636364","0.6363636363636364","0.6363636363636364"
"264","0.6339622641509434","0.6339622641509434","0.6339622641509434"
"265","0.6353383458646616","0.6353383458646616","0.6353383458646616"
"266","0.6367041198501873","0.6367041198501873","0.6367041198501873"
"267","0.6343283582089553","0.6343283582089553","0.6343283582089553"
"268","0.6356877323420075","0.6356877323420075","0.6356877323420075"
"269","0.6333333333333333","0.6333333333333333","0.6333333333333333"
"270","0.6309963099630996","0.6309963099630996","0.6309963099630996"
"271","0.6323529411764706","0.6323529411764706","0.6323529411764706"
"272","0.6336996336996337","0.6336996336996337","0.6336996336996337"
"273","0.6313868613138686","0.6313868613138686","0.6313868613138686"
"274","0.6327272727272727","0.6327272727272727","0.6327272727272727"
"275","0.6340579710144928","0.6340579710144928","0.6340579710144928"
"276","0.6353790613718412","0.6353790613718412","0.6353790613718412"
"277","0.6366906474820144","0.6366906474820144","0.6366906474820144"
"278","0.6379928315412187","0.6379928315412187","0.6379928315412187"
"279","0.6357142857142857","0.6357142857142857","0.6357142857142857"
"280","0.6334519572953736","0.6334519572953736","0.6334519572953736"
"281","0.6312056737588653","0.6312056737588653","0.6312056737588653"
"282","0.6289752650176679","0.6289752650176679","0.6289752650176679"
"283","0.6302816901408451","0.6302816901408451","0.6302816901408451"
"284","0.631578947368421","0.631578947368421","0.631578947368421"
"285","0.6293706293706294","0.6293706293706294","0.6293706293706294"
"286","0.627177700348432","0.627177700348432","0.627177700348432"
"287","0.6284722222222222","0.6284722222222222","0.6284722222222222"
"288","0.629757785467128","0.629757785467128","0.629757785467128"
"289","0.6310344827586207","0.6310344827586207","0.6310344827586207"
"290","0.6323024054982818","0.6323024054982818","0.6323024054982818"
"291","0.6335616438356164","0.6335616438356164","0.6335616438356164"
"292","0.6313993174061433","0.6313993174061433","0.6313993174061433"
"293","0.6326530612244898","0.6326530612244898","0.6326530612244898"
"294","0.6338983050847458","0.6338983050847458","0.6338983050847458"
"295","0.6317567567567568","0.6317567567567568","0.6317567567567568"
"296","0.632996632996633","0.632996632996633","0.632996632996633"
"297","0.6342281879194631","0.6342281879194631","0.6342281879194631"
"298","0.6354515050167224","0.6354515050167224","0.6354515050167224"
"299","0.6366666666666667","0.6366666666666667","0.6366666666666667"
"300","0.6378737541528239","0.6378737541528239","0.6378737541528239"
"301","0.6390728476821192","0.6390728476821192","0.6390728476821192"
"302","0.636963696369637","0.636963696369637","0.636963696369637"
"303","0.6381578947368421","0.6381578947368421","0.6381578947368421"
"304","0.639344262295082","0.639344262295082","0.639344262295082"
"305","0.6405228758169934","0.6405228758169934","0.6405228758169934"
"306","0.6416938110749185","0.6416938110749185","0.6416938110749185"
"307","0.6428571428571429","0.6428571428571429","0.6428571428571429"
"308","0.6440129449838188","0.6440129449838188","0.6440129449838188"
"309","0.6451612903225806","0.6451612903225806","0.6451612903225806"
"310","0.6430868167202572","0.6430868167202572","0.6430868167202572"
"311","0.6442307692307693","0.6442307692307693","0.6442307692307693"
"312","0.645367412140575","0.645367412140575","0.645367412140575"
"313","0.6464968152866242","0.6464968152866242","0.6464968152866242"
"314","0.6476190476190476","0.6476190476190476","0.6476190476190476"
"315","0.6487341772151899","0.6487341772151899","0.6487341772151899"
"316","0.6466876971608833","0.6466876971608833","0.6466876971608833"
"317","0.6477987421383647","0.6477987421383647","0.6477987421383647"
"318","0.6489028213166145","0.6489028213166145","0.6489028213166145"
"319","0.646875","0.646875","0.646875"
"320","0.6479750778816199","0.6479750778816199","0.6479750778816199"
"321","0.6459627329192547","0.6459627329192547","0.6459627329192547"
"322","0.6439628482972136","0.6439628482972136","0.6439628482972136"
"323","0.6450617283950617","0.6450617283950617","0.6450617283950617"
"324","0.6430769230769231","0.6430769230769231","0.6430769230769231"
"325","0.6411042944785276","0.6411042944785276","0.6411042944785276"
"326","0.6422018348623854","0.6422018348623854","0.6422018348623854"
"327","0.6432926829268293","0.6432926829268293","0.6432926829268293"
"328","0.6413373860182371","0.6413373860182371","0.6413373860182371"
"329","0.6393939393939394","0.6393939393939394","0.6393939393939394"
"330","0.6374622356495468","0.6374622356495468","0.6374622356495468"
"331","0.6385542168674698","0.6385542168674698","0.6385542168674698"
"332","0.6396396396396397","0.6396396396396397","0.6396396396396397"
"333","0.6377245508982036","0.6377245508982036","0.6377245508982036"
"334","0.6388059701492538","0.6388059701492538","0.6388059701492538"
"335","0.6398809523809523","0.6398809523809523","0.6398809523809523"
"336","0.6379821958456974","0.6379821958456974","0.6379821958456974"
"337","0.6390532544378699","0.6390532544378699","0.6390532544378699"
"338","0.640117994100295","0.640117994100295","0.640117994100295"
"339","0.6411764705882353","0.6411764705882353","0.6411764705882353"
"340","0.6422287390029325","0.6422287390029325","0.6422287390029325"
"341","0.6432748538011696","0.6432748538011696","0.6432748538011696"
"342","0.6443148688046647","0.6443148688046647","0.6443148688046647"
"343","0.6453488372093024","0.6453488372093024","0.6453488372093024"
"344","0.6463768115942029","0.6463768115942029","0.6463768115942029"
"345","0.6473988439306358","0.6473988439306358","0.6473988439306358"
"346","0.6484149855907781","0.6484149855907781","0.6484149855907781"
"347","0.6494252873563219","0.6494252873563219","0.6494252873563219"
"348","0.6504297994269341","0.6504297994269341","0.6504297994269341"
"349","0.6514285714285715","0.6514285714285715","0.6514285714285715"
"350","0.6495726495726496","0.6495726495726496","0.6495726495726496"
"351","0.6477272727272727","0.6477272727272727","0.6477272727272727"
"352","0.6487252124645893","0.6487252124645893","0.6487252124645893"
"353","0.6497175141242938","0.6497175141242938","0.6497175141242938"
"354","0.6507042253521127","0.6507042253521127","0.6507042253521127"
"355","0.651685393258427","0.651685393258427","0.651685393258427"
"356","0.6526610644257703","0.6526610644257703","0.6526610644257703"
"357","0.6536312849162011","0.6536312849162011","0.6536312849162011"
"358","0.6545961002785515","0.6545961002785515","0.6545961002785515"
"359","0.6555555555555556","0.6555555555555556","0.6555555555555556"
"360","0.6537396121883656","0.6537396121883656","0.6537396121883656"
"361","0.6546961325966851","0.6546961325966851","0.6546961325966851"
"362","0.6556473829201102","0.6556473829201102","0.6556473829201102"
"363","0.6565934065934066","0.6565934065934066","0.6565934065934066"
"364","0.6575342465753424","0.6575342465753424","0.6575342465753424"
"365","0.6584699453551912","0.6584699453551912","0.6584699453551912"
"366","0.659400544959128","0.659400544959128","0.659400544959128"
"367","0.657608695652174","0.657608695652174","0.657608695652174"
"368","0.6585365853658537","0.6585365853658537","0.6585365853658537"
"369","0.6594594594594595","0.6594594594594595","0.6594594594594595"
"370","0.660377358490566","0.660377358490566","0.660377358490566"
"371","0.6586021505376344","0.6586021505376344","0.6586021505376344"
"372","0.6595174262734584","0.6595174262734584","0.6595174262734584"
"373","0.660427807486631","0.660427807486631","0.660427807486631"
"374","0.6613333333333333","0.6613333333333333","0.6613333333333333"
"375","0.6622340425531915","0.6622340425531915","0.6622340425531915"
"376","0.6631299734748011","0.6631299734748011","0.6631299734748011"
"377","0.6640211640211641","0.6640211640211641","0.6640211640211641"
"378","0.6649076517150396","0.6649076517150396","0.6649076517150396"
"379","0.6657894736842105","0.6657894736842105","0.6657894736842105"
"380","0.6640419947506562","0.6640419947506562","0.6640419947506562"
"381","0.6649214659685864","0.6649214659685864","0.6649214659685864"
"382","0.6631853785900783","0.6631853785900783","0.6631853785900783"
"383","0.6640625","0.6640625","0.6640625"
"384","0.6649350649350649","0.6649350649350649","0.6649350649350649"
"385","0.6632124352331606","0.6632124352331606","0.6632124352331606"
"386","0.6640826873385013","0.6640826873385013","0.6640826873385013"
"387","0.6649484536082474","0.6649484536082474","0.6649484536082474"
"388","0.6632390745501285","0.6632390745501285","0.6632390745501285"
"389","0.6641025641025641","0.6641025641025641","0.6641025641025641"
"390","0.6624040920716112","0.6624040920716112","0.6624040920716112"
"391","0.6632653061224489","0.6632653061224489","0.6632653061224489"
"392","0.6641221374045801","0.6641221374045801","0.6641221374045801"
"393","0.6649746192893401","0.6649746192893401","0.6649746192893401"
"394","0.6658227848101266","0.6658227848101266","0.6658227848101266"
"395","0.6666666666666666","0.6666666666666666","0.6666666666666666"
"396","0.6649874055415617","0.6649874055415617","0.6649874055415617"
"397","0.6658291457286433","0.6658291457286433","0.6658291457286433"
"398","0.6666666666666666","0.6666666666666666","0.6666666666666666"
"399","0.6675","0.6675","0.6675"
"400","0.6683291770573566","0.6683291770573566","0.6683291770573566"
"401","0.6666666666666666","0.6666666666666666","0.6666666666666666"
"402","0.6650124069478908","0.6650124069478908","0.6650124069478908"
"403","0.6658415841584159","0.6658415841584159","0.6658415841584159"
"404","0.6641975308641975","0.6641975308641975","0.6641975308641975"
"405","0.6625615763546798","0.6625615763546798","0.6625615763546798"
"406","0.6633906633906634","0.6633906633906634","0.6633906633906634"
"407","0.6642156862745098","0.6642156862745098","0.6642156862745098"
"408","0.6650366748166259","0.6650366748166259","0.6650366748166259"
"409","0.6658536585365854","0.6658536585365854","0.6658536585365854"
"410","0.6666666666666666","0.6666666666666666","0.6666666666666666"
"411","0.6674757281553398","0.6674757281553398","0.6674757281553398"
"412","0.6682808716707022","0.6682808716707022","0.6682808716707022"
"413","0.6690821256038647","0.6690821256038647","0.6690821256038647"
"414","0.6698795180722892","0.6698795180722892","0.6698795180722892"
"415","0.6706730769230769","0.6706730769230769","0.6706730769230769"
"416","0.6714628297362111","0.6714628297362111","0.6714628297362111"
"417","0.6698564593301436","0.6698564593301436","0.6698564593301436"
"418","0.6706443914081146","0.6706443914081146","0.6706443914081146"
"419","0.669047619047619","0.669047619047619","0.669047619047619"
"420","0.667458432304038","0.667458432304038","0.667458432304038"
"421","0.6682464454976303","0.6682464454976303","0.6682464454976303"
"422","0.6690307328605201","0.6690307328605201","0.6690307328605201"
"423","0.6698113207547169","0.6698113207547169","0.6698113207547169"
"424","0.668235294117647","0.668235294117647","0.668235294117647"
"425","0.6690140845070423","0.6690140845070423","0.6690140845070423"
"426","0.667447306791569","0.667447306791569","0.667447306791569"
"427","0.6658878504672897","0.6658878504672897","0.6658878504672897"
"428","0.6666666666666666","0.6666666666666666","0.6666666666666666"
"429","0.6674418604651163","0.6674418604651163","0.6674418604651163"
"430","0.665893271461717","0.665893271461717","0.665893271461717"
"431","0.6666666666666666","0.6666666666666666","0.6666666666666666"
"432","0.6674364896073903","0.6674364896073903","0.6674364896073903"
"433","0.6682027649769585","0.6682027649769585","0.6682027649769585"
"434","0.6666666666666666","0.6666666666666666","0.6666666666666666"
"435","0.6674311926605505","0.6674311926605505","0.6674311926605505"
"436","0.665903890160183","0.665903890160183","0.665903890160183"
"437","0.6666666666666666","0.6666666666666666","0.6666666666666666"
"438","0.6651480637813212","0.6651480637813212","0.6651480637813212"
"439","0.6659090909090909","0.6659090909090909","0.6659090909090909"
"440","0.6643990929705216","0.6643990929705216","0.6643990929705216"
"441","0.6628959276018099","0.6628959276018099","0.6628959276018099"
"442","0.6636568848758465","0.6636568848758465","0.6636568848758465"
"443","0.6621621621621622","0.6621621621621622","0.6621621621621622"
"444","0.6629213483146067","0.6629213483146067","0.6629213483146067"
"445","0.6636771300448431","0.6636771300448431","0.6636771300448431"
"446","0.6644295302013423","0.6644295302013423","0.6644295302013423"
"447","0.6629464285714286","0.6629464285714286","0.6629464285714286"
"448","0.6636971046770601","0.6636971046770601","0.6636971046770601"
"449","0.6644444444444444","0.6644444444444444","0.6644444444444444"
"450","0.6629711751662971","0.6629711751662971","0.6629711751662971"
"451","0.6637168141592921","0.6637168141592921","0.6637168141592921"
"452","0.6644591611479028","0.6644591611479028","0.6644591611479028"
"453","0.6629955947136564","0.6629955947136564","0.6629955947136564"
"454","0.6615384615384615","0.6615384615384615","0.6615384615384615"
"455","0.6622807017543859","0.6622807017543859","0.6622807017543859"
"456","0.6608315098468271","0.6608315098468271","0.6608315098468271"
"457","0.6615720524017468","0.6615720524017468","0.6615720524017468"
"458","0.6623093681917211","0.6623093681917211","0.6623093681917211"
"459","0.6630434782608695","0.6630434782608695","0.6630434782608695"
"460","0.6616052060737527","0.6616052060737527","0.6616052060737527"
"461","0.6623376623376623","0.6623376623376623","0.6623376623376623"
"462","0.6609071274298056","0.6609071274298056","0.6609071274298056"
"463","0.6594827586206896","0.6594827586206896","0.6594827586206896"
"464","0.6602150537634408","0.6602150537634408","0.6602150537634408"
"465","0.6609442060085837","0.6609442060085837","0.6609442060085837"
"466","0.6616702355460385","0.6616702355460385","0.6616702355460385"
"467","0.6602564102564102","0.6602564102564102","0.6602564102564102"
"468","0.6609808102345416","0.6609808102345416","0.6609808102345416"
"469","0.6595744680851063","0.6595744680851063","0.6595744680851063"
"470","0.6602972399150743","0.6602972399150743","0.6602972399150743"
"471","0.6610169491525424","0.6610169491525424","0.6610169491525424"
"472","0.6617336152219874","0.6617336152219874","0.6617336152219874"
"473","0.6624472573839663","0.6624472573839663","0.6624472573839663"
"474","0.6631578947368421","0.6631578947368421","0.6631578947368421"
"475","0.6638655462184874","0.6638655462184874","0.6638655462184874"
"476","0.6645702306079665","0.6645702306079665","0.6645702306079665"
"477","0.6652719665271967","0.6652719665271967","0.6652719665271967"
"478","0.6638830897703549","0.6638830897703549","0.6638830897703549"
"479","0.6625","0.6625","0.6625"
"480","0.6632016632016632","0.6632016632016632","0.6632016632016632"
"481","0.6639004149377593","0.6639004149377593","0.6639004149377593"
"482","0.6645962732919255","0.6645962732919255","0.6645962732919255"
"483","0.6652892561983471","0.6652892561983471","0.6652892561983471"
"484","0.6659793814432989","0.6659793814432989","0.6659793814432989"
"485","0.6646090534979424","0.6646090534979424","0.6646090534979424"
"486","0.6632443531827515","0.6632443531827515","0.6632443531827515"
"487","0.6639344262295082","0.6639344262295082","0.6639344262295082"
"488","0.6646216768916156","0.6646216768916156","0.6646216768916156"
"489","0.6632653061224489","0.6632653061224489","0.6632653061224489"
"490","0.6639511201629328","0.6639511201629328","0.6639511201629328"
"491","0.6646341463414634","0.6646341463414634","0.6646341463414634"
"492","0.665314401622718","0.665314401622718","0.665314401622718"
"493","0.6639676113360324","0.6639676113360324","0.6639676113360324"
"494","0.6646464646464646","0.6646464646464646","0.6646464646464646"
"495","0.6653225806451613","0.6653225806451613","0.6653225806451613"
"496","0.6659959758551308","0.6659959758551308","0.6659959758551308"
"497","0.6646586345381527","0.6646586345381527","0.6646586345381527"
"498","0.6633266533066132","0.6633266533066132","0.6633266533066132"
"499","0.664","0.664","0.664"
"500","0.6646706586826348","0.6646706586826348","0.6646706586826348"
"501","0.6653386454183267","0.6653386454183267","0.6653386454183267"
"502","0.6660039761431411","0.6660039761431411","0.6660039761431411"
"503","0.6646825396825397","0.6646825396825397","0.6646825396825397"
"504","0.6653465346534654","0.6653465346534654","0.6653465346534654"
"505","0.66600790513834","0.66600790513834","0.66600790513834"
"506","0.6646942800788954","0.6646942800788954","0.6646942800788954"
"507","0.6653543307086615","0.6653543307086615","0.6653543307086615"
"508","0.6660117878192534","0.6660117878192534","0.6660117878192534"
"509","0.6666666666666666","0.6666666666666666","0.6666666666666666"
"510","0.6653620352250489","0.6653620352250489","0.6653620352250489"
"511","0.6640625","0.6640625","0.6640625"
"512","0.6627680311890838","0.6627680311890838","0.6627680311890838"
"513","0.6614785992217899","0.6614785992217899","0.6614785992217899"
"514","0.6621359223300971","0.6621359223300971","0.6621359223300971"
"515","0.6627906976744186","0.6627906976744186","0.6627906976744186"
"516","0.6634429400386848","0.6634429400386848","0.6634429400386848"
"517","0.6640926640926641","0.6640926640926641","0.6640926640926641"
"518","0.6647398843930635","0.6647398843930635","0.6647398843930635"
"519","0.6653846153846154","0.6653846153846154","0.6653846153846154"
"520","0.6641074856046065","0.6641074856046065","0.6641074856046065"
"521","0.6628352490421456","0.6628352490421456","0.6628352490421456"
"522","0.6634799235181644","0.6634799235181644","0.6634799235181644"
"523","0.6641221374045801","0.6641221374045801","0.6641221374045801"
"524","0.6647619047619048","0.6647619047619048","0.6647619047619048"
"525","0.6653992395437263","0.6653992395437263","0.6653992395437263"
"526","0.6641366223908919","0.6641366223908919","0.6641366223908919"
"527","0.6628787878787878","0.6628787878787878","0.6628787878787878"
"528","0.6616257088846881","0.6616257088846881","0.6616257088846881"
"529","0.660377358490566","0.660377358490566","0.660377358490566"
"530","0.6610169491525424","0.6610169491525424","0.6610169491525424"
"531","0.6616541353383458","0.6616541353383458","0.6616541353383458"
"532","0.6622889305816135","0.6622889305816135","0.6622889305816135"
"533","0.6629213483146067","0.6629213483146067","0.6629213483146067"
"534","0.6635514018691588","0.6635514018691588","0.6635514018691588"
"535","0.664179104477612","0.664179104477612","0.664179104477612"
"536","0.664804469273743","0.664804469273743","0.664804469273743"
"537","0.6654275092936803","0.6654275092936803","0.6654275092936803"
"538","0.6641929499072357","0.6641929499072357","0.6641929499072357"
"539","0.6648148148148149","0.6648148148148149","0.6648148148148149"
"540","0.6635859519408502","0.6635859519408502","0.6635859519408502"
"541","0.6623616236162362","0.6623616236162362","0.6623616236162362"
"542","0.6629834254143646","0.6629834254143646","0.6629834254143646"
"543","0.6636029411764706","0.6636029411764706","0.6636029411764706"
"544","0.6623853211009174","0.6623853211009174","0.6623853211009174"
"545","0.6611721611721612","0.6611721611721612","0.6611721611721612"
"546","0.659963436928702","0.659963436928702","0.659963436928702"
"547","0.6587591240875912","0.6587591240875912","0.6587591240875912"
"548","0.6593806921675774","0.6593806921675774","0.6593806921675774"
"549","0.66","0.66","0.66"
"550","0.6588021778584392","0.6588021778584392","0.6588021778584392"
"551","0.6594202898550725","0.6594202898550725","0.6594202898550725"
"552","0.6582278481012658","0.6582278481012658","0.6582278481012658"
"553","0.6588447653429603","0.6588447653429603","0.6588447653429603"
"554","0.6594594594594595","0.6594594594594595","0.6594594594594595"
"555","0.658273381294964","0.658273381294964","0.658273381294964"
"556","0.6570915619389587","0.6570915619389587","0.6570915619389587"
"557","0.6577060931899642","0.6577060931899642","0.6577060931899642"
"558","0.6583184257602862","0.6583184257602862","0.6583184257602862"
"559","0.6571428571428571","0.6571428571428571","0.6571428571428571"
"560","0.6577540106951871","0.6577540106951871","0.6577540106951871"
"561","0.6583629893238434","0.6583629893238434","0.6583629893238434"
"562","0.6571936056838366","0.6571936056838366","0.6571936056838366"
"563","0.6560283687943262","0.6560283687943262","0.6560283687943262"
"564","0.6566371681415929","0.6566371681415929","0.6566371681415929"
"565","0.6554770318021201","0.6554770318021201","0.6554770318021201"
"566","0.656084656084656","0.656084656084656","0.656084656084656"
"567","0.6566901408450704","0.6566901408450704","0.6566901408450704"
"568","0.655536028119508","0.655536028119508","0.655536028119508"
"569","0.6543859649122807","0.6543859649122807","0.6543859649122807"
"570","0.6549912434325744","0.6549912434325744","0.6549912434325744"
"571","0.6555944055944056","0.6555944055944056","0.6555944055944056"
"572","0.6561954624781849","0.6561954624781849","0.6561954624781849"
"573","0.6567944250871081","0.6567944250871081","0.6567944250871081"
"574","0.6573913043478261","0.6573913043478261","0.6573913043478261"
"575","0.6579861111111112","0.6579861111111112","0.6579861111111112"
"576","0.658578856152513","0.658578856152513","0.658578856152513"
"577","0.657439446366782","0.657439446366782","0.657439446366782"
"578","0.6580310880829016","0.6580310880829016","0.6580310880829016"
"579","0.656896551724138","0.656896551724138","0.656896551724138"
"580","0.6557659208261618","0.6557659208261618","0.6557659208261618"
"581","0.6563573883161512","0.6563573883161512","0.6563573883161512"
"582","0.6552315608919382","0.6552315608919382","0.6552315608919382"
"583","0.6541095890410958","0.6541095890410958","0.6541095890410958"
"584","0.6547008547008547","0.6547008547008547","0.6547008547008547"
"585","0.6552901023890785","0.6552901023890785","0.6552901023890785"
"586","0.6541737649063032","0.6541737649063032","0.6541737649063032"
"587","0.6547619047619048","0.6547619047619048","0.6547619047619048"
"588","0.6553480475382003","0.6553480475382003","0.6553480475382003"
"589","0.6559322033898305","0.6559322033898305","0.6559322033898305"
"590","0.6565143824027073","0.6565143824027073","0.6565143824027073"
"591","0.6570945945945946","0.6570945945945946","0.6570945945945946"
"592","0.6559865092748736","0.6559865092748736","0.6559865092748736"
"593","0.6565656565656566","0.6565656565656566","0.6565656565656566"
"594","0.6554621848739496","0.6554621848739496","0.6554621848739496"
"595","0.6543624161073825","0.6543624161073825","0.6543624161073825"
"596","0.6549413735343383","0.6549413735343383","0.6549413735343383"
"597","0.6555183946488294","0.6555183946488294","0.6555183946488294"
"598","0.654424040066778","0.654424040066778","0.654424040066778"
"599","0.655","0.655","0.655"
"600","0.653910149750416","0.653910149750416","0.653910149750416"
"601","0.654485049833887","0.654485049833887","0.654485049833887"
"602","0.6533996683250415","0.6533996683250415","0.6533996683250415"
"603","0.6539735099337748","0.6539735099337748","0.6539735099337748"
"604","0.6528925619834711","0.6528925619834711","0.6528925619834711"
"605","0.6518151815181518","0.6518151815181518","0.6518151815181518"
"606","0.6523887973640856","0.6523887973640856","0.6523887973640856"
"607","0.6513157894736842","0.6513157894736842","0.6513157894736842"
"608","0.6502463054187192","0.6502463054187192","0.6502463054187192"
"609","0.6508196721311476","0.6508196721311476","0.6508196721311476"
"610","0.6513911620294599","0.6513911620294599","0.6513911620294599"
"611","0.6503267973856209","0.6503267973856209","0.6503267973856209"
"612","0.6492659053833605","0.6492659053833605","0.6492659053833605"
"613","0.6482084690553745","0.6482084690553745","0.6482084690553745"
"614","0.6487804878048781","0.6487804878048781","0.6487804878048781"
"615","0.6493506493506493","0.6493506493506493","0.6493506493506493"
"616","0.6482982171799028","0.6482982171799028","0.6482982171799028"
"617","0.6472491909385113","0.6472491909385113","0.6472491909385113"
"618","0.6478190630048465","0.6478190630048465","0.6478190630048465"
"619","0.6483870967741936","0.6483870967741936","0.6483870967741936"
"620","0.6489533011272142","0.6489533011272142","0.6489533011272142"
"621","0.6479099678456591","0.6479099678456591","0.6479099678456591"
"622","0.6484751203852327","0.6484751203852327","0.6484751203852327"
"623","0.6490384615384616","0.6490384615384616","0.6490384615384616"
"624","0.6496","0.6496","0.6496"
"625","0.6485623003194888","0.6485623003194888","0.6485623003194888"
"626","0.6475279106858054","0.6475279106858054","0.6475279106858054"
"627","0.6480891719745223","0.6480891719745223","0.6480891719745223"
"628","0.6470588235294118","0.6470588235294118","0.6470588235294118"
"629","0.6460317460317461","0.6460317460317461","0.6460317460317461"
"630","0.6465927099841522","0.6465927099841522","0.6465927099841522"
"631","0.6471518987341772","0.6471518987341772","0.6471518987341772"
"632","0.6477093206951027","0.6477093206951027","0.6477093206951027"
"633","0.6482649842271293","0.6482649842271293","0.6482649842271293"
"634","0.6488188976377953","0.6488188976377953","0.6488188976377953"
"635","0.64937106918239","0.64937106918239","0.64937106918239"
"636","0.6483516483516484","0.6483516483516484","0.6483516483516484"
"637","0.6489028213166145","0.6489028213166145","0.6489028213166145"
"638","0.6494522691705791","0.6494522691705791","0.6494522691705791"
"639","0.6484375","0.6484375","0.6484375"
"640","0.6474258970358814","0.6474258970358814","0.6474258970358814"